{
  "$schema": "https://vega.github.io/schema/vega-lite/v4.json",
  "description": "the population per state, engineers per state, and hurricanes per state",
  "repeat": {"row": ["meanSent"]},
  "resolve": {
    "scale": {
      "color": "independent"
    }
  },
  "spec": {
    "width": 1000,
    "height": 600,
    "data": {
      "url": "https://raw.githubusercontent.com/VictorIranzo/ERS_TwitterAnalysis/master/Entrega/out.csv"
    },
    "transform": [
      {
        "lookup": "id",
        "from": {
          "data": {
            "url": "data/us-10m.json",
            "format": {
              "type": "topojson",
              "feature": "states"
            }
          },
          "key": "id"
        },
        "as": "geo"
      }
    ],
    "projection": {"type": "albersUsa"},
    "mark": "geoshape",
    "encoding": {
      "shape": {
        "field": "geo",
        "type": "geojson"
      },
      "color": {
        "field": {"repeat": "row"},
        "type": "quantitative"
      }
    }
  }
}