{
  "$schema": "https://vega.github.io/schema/vega-lite/v4.json",
  "width": 1000,
  "height": 700,
  "projection": {
    "type": "albers",
    "scale": 2000,
    "center": [-3,43],
    "rotate": [-3, 3]
  },
  "layer": [
    {
      "data": {
        "url": "data/world-110m.json",
        "format": {
          "type": "topojson",
          "feature": "countries"
        }
      },
      "mark": {
        "type": "geoshape",
        "fill": "lightgray",
        "stroke": "white"
      }
    },
    {
      "data": {
          "url": "https://raw.githubusercontent.com/VictorIranzo/ERS_TwitterAnalysis/master/Entrega/outSpain.csv"
        },
        "mark": "circle",
        "encoding": {
          "longitude": {
            "field": "longitude",
            "type": "quantitative"
          },
          "latitude": {
            "field": "latitude",
            "type": "quantitative"
          },
          "size": {"value": 50},
          "color": {"field": "lang", "type": "nominal"}
        }
    }
  ]
}